TDSFU Daily run: Sat Oct 18 18:32:26 UTC 2025 TDSFU
TDSFU Daily run: Sat Oct 18 18:35:15 UTC 2025 TDSFU
TDSFU Daily run: Sun Oct 19 04:33:50 UTC 2025 TDSFU
TDSFU Daily run: Mon Oct 20 04:35:56 UTC 2025 TDSFU
TDSFU Daily run: Tue Oct 21 04:33:21 UTC 2025 TDSFU
TDSFU Daily run: Wed Oct 22 04:34:26 UTC 2025 TDSFU
TDSFU Daily run: Thu Oct 23 04:32:50 UTC 2025 TDSFU
TDSFU Daily run: Fri Oct 24 04:33:03 UTC 2025 TDSFU
TDSFU Daily run: Sat Oct 25 04:31:32 UTC 2025 TDSFU
TDSFU Daily run: Sun Oct 26 04:31:42 UTC 2025 TDSFU
